N,cpu_step_s,cuda_dispatch_ms,kernel_us_step,speedup_step
500,0.247674,48.2,0.96,5.1
5000,2.466635,48.2,0.96,51.2
50000,25.704505,195.1,3.90,131.7
