replicate,real_seconds,error_lines
1,0.663817,17
2,0.671459,17
3,0.663968,17
4,0.680299,17
5,0.665574,17
6,0.664059,17
7,0.680158,17
8,0.659863,17
9,0.677556,17
10,0.662816,17
11,0.663803,17
12,0.676973,17
13,0.661577,17
14,0.668951,17
15,0.663403,17
16,0.661245,17
17,0.674261,17
18,0.662041,17
19,0.669608,17
20,0.662899,17
21,0.674410,17
22,0.664143,17
23,0.661128,17
24,0.667443,17
25,0.679634,17
26,0.664712,17
27,0.679546,17
28,0.679562,17
29,0.662534,17
30,0.667240,17
