replicate,wall_seconds
1,0.415057
2,0.425419
3,0.395060
4,0.409890
5,0.405887
6,0.409477
7,0.398253
8,0.398276
9,0.405635
10,0.410812
