replicate,wall_seconds
1,0.233390
2,0.235238
3,0.237569
4,0.235295
5,0.232788
6,0.240475
7,0.233208
8,0.240112
9,0.234349
10,0.229314
