replicate,wall_seconds
1,0.316866
2,0.323232
3,0.323959
4,0.315612
5,0.314361
6,0.314626
7,0.319951
8,0.341359
9,0.323098
10,0.316424
